{
    "Explained Variance Score": 0.7090514084321724,
    "Mean Absolute Error": 3902.6951550722124,
    "Mean Squared Error": 38122077.5085589,
    "Root Mean Squared Error": 6174.30785663939
}