{
    "Explained Variance Score": 0.5629074838919657,
    "Mean Absolute Error": 5252.019728676317,
    "Mean Squared Error": 218013746.8823385,
    "Root Mean Squared Error": 14765.28858107211
}