{
    "Explained Variance Score": 0.7390908391474422,
    "Mean Absolute Error": 3539.661167217548,
    "Mean Squared Error": 27009166.969212312,
    "Root Mean Squared Error": 5197.034439871677
}