{
    "Explained Variance Score": 0.5605497997781737,
    "Mean Absolute Error": 5661.738025343822,
    "Mean Squared Error": 215219602.91629386,
    "Root Mean Squared Error": 14670.364784704361
}